manche,niveau,temps,source,col,row,accepte,etat,avance,distance,remplie
1,1,2.672,humain,12,6,1,attente,1,0,1
1,1,3.776,humain,11,6,1,attente,2,1,1
1,1,4.608,humain,11,5,1,attente,3,1,1
1,1,5.408,humain,11,4,1,attente,4,1,1
1,1,6.464,humain,11,3,1,attente,5,1,1
1,1,7.392,humain,12,3,1,attente,6,1,1
1,1,10.976,humain,11,1,1,attente,6,3,1
1,1,11.968,humain,13,3,1,attente,7,4,1
1,1,14.048,humain,11,2,1,attente,7,3,1
1,1,16.144,humain,10,2,1,attente,7,1,1
1,1,18.928,humain,10,4,1,attente,7,2,0
1,1,23.536,humain,12,2,1,flux,6,4,1
1,1,25.872,humain,12,1,1,flux,5,1,1
1,1,27.328,humain,13,2,1,flux,6,2,1
1,1,28.656,humain,12,1,1,flux,9,2,1
1,1,30.017,humain,10,3,1,flux,9,4,1
1,1,31.153,humain,9,3,1,flux,9,1,1
1,1,32.977,humain,9,4,1,flux,8,1,1
1,1,33.376,humain,9,4,1,flux,9,0,1
1,1,35.472,humain,8,4,1,flux,8,1,0
1,1,37.264,humain,10,4,1,flux,6,2,0
1,1,38.608,humain,9,5,1,flux,6,2,1
1,1,39.552,humain,10,5,1,flux,8,1,1
1,1,41.200,humain,12,5,1,flux,7,2,1
1,1,41.760,humain,12,5,1,flux,6,0,1
1,1,42.288,humain,12,5,1,flux,6,0,1
1,1,42.768,humain,12,5,1,flux,7,0,1
1,1,43.568,humain,12,5,1,flux,6,0,1
1,1,44.000,humain,12,5,1,flux,6,0,1
1,1,44.512,humain,12,5,1,flux,6,0,1
1,1,45.504,humain,13,5,1,flux,5,1,1
1,1,46.048,humain,13,5,1,flux,5,0,1
1,1,46.480,humain,13,5,1,flux,5,0,1
1,1,47.775,humain,14,5,1,flux,5,1,1
1,1,48.351,humain,14,5,1,flux,4,0,1
1,1,48.703,humain,14,5,1,flux,5,0,1
1,1,48.943,humain,14,5,1,flux,5,0,1
1,1,49.551,humain,14,5,1,flux,4,0,1
1,1,50.895,humain,14,6,1,flux,3,1,1
1,1,51.343,humain,14,6,1,flux,4,0,1
1,1,52.239,humain,14,7,1,flux,3,1,1
1,1,52.831,humain,14,7,1,flux,4,0,1
1,1,53.455,humain,14,7,1,flux,4,0,1
1,1,54.303,humain,14,8,1,flux,4,1,1
1,1,54.847,humain,14,8,1,flux,4,0,1
1,1,55.695,humain,14,9,1,flux,4,1,1
1,1,57.071,humain,14,10,1,flux,4,1,1
1,1,57.535,humain,14,10,1,flux,4,0,1
1,1,57.967,humain,14,10,1,flux,4,0,1
1,1,58.815,humain,14,11,1,flux,4,1,1
1,1,59.423,humain,14,11,1,flux,4,0,1
1,1,59.935,humain,14,11,1,flux,3,0,1
1,1,60.303,humain,14,11,1,flux,3,0,1
1,1,60.687,humain,14,11,1,flux,3,0,1
1,1,61.998,humain,13,11,1,flux,3,1,1
1,1,62.910,humain,12,11,1,flux,2,1,1
1,1,63.358,humain,12,11,1,flux,2,0,1
1,1,63.838,humain,12,11,1,flux,3,0,1
1,1,64.926,humain,12,12,1,flux,2,1,1
1,1,65.326,humain,12,12,1,flux,2,0,1
1,1,65.790,humain,12,12,1,flux,2,0,1
1,1,66.718,humain,12,13,1,flux,2,1,1
1,1,67.870,humain,12,13,1,flux,2,0,1
1,1,68.478,humain,12,14,1,flux,2,1,1
1,1,68.910,humain,12,14,1,flux,2,0,1
1,1,69.934,humain,11,14,1,flux,3,1,1
1,1,70.622,humain,11,14,1,flux,2,0,1
1,1,71.406,humain,10,14,1,flux,2,1,1
1,1,72.190,humain,10,14,1,flux,2,0,1
1,1,72.606,humain,10,14,1,flux,2,0,1
1,1,73.022,humain,10,14,1,flux,2,0,1
1,1,73.390,humain,10,14,1,flux,1,0,1
1,1,74.893,humain,9,14,1,flux,0,1,1
1,1,75.309,humain,9,14,1,flux,0,0,1
1,1,75.677,humain,9,14,1,flux,1,0,1
1,1,76.349,humain,8,14,1,flux,0,1,1
1,1,76.717,humain,8,14,1,flux,1,0,1
1,1,77.405,humain,7,14,1,flux,1,1,1
1,1,77.821,humain,7,14,1,flux,0,0,1
1,1,78.269,humain,7,14,1,flux,1,0,1
1,1,79.149,humain,6,14,1,flux,1,1,1
1,1,79.917,humain,5,14,1,flux,2,1,1
1,1,80.733,humain,4,14,1,flux,2,1,1
1,1,81.549,humain,3,14,1,flux,3,1,1
1,1,82.397,humain,2,14,1,flux,2,1,1
1,1,82.909,humain,2,14,1,flux,2,0,1
1,1,83.389,humain,2,14,1,flux,3,0,1
1,1,84.157,humain,2,13,1,flux,2,1,1
1,1,84.621,humain,2,13,1,flux,2,0,1
1,1,85.357,humain,2,13,1,flux,2,0,1
1,1,86.301,humain,1,13,1,flux,3,1,1
1,1,87.117,humain,1,12,1,flux,3,1,1
1,1,87.837,humain,1,11,1,flux,3,1,1
1,1,88.461,humain,1,11,1,flux,2,0,1
1,1,88.988,humain,1,11,1,flux,2,0,1
1,1,89.404,humain,1,11,1,flux,3,0,1
1,1,90.572,humain,2,11,1,flux,2,1,1
1,1,91.036,humain,2,11,1,flux,2,0,1
1,1,91.484,humain,2,11,1,flux,1,0,1
1,1,91.900,humain,2,11,1,flux,1,0,1
1,1,92.316,humain,2,11,1,flux,2,0,1
1,1,93.052,humain,3,11,1,flux,1,1,1
1,1,93.500,humain,3,11,1,flux,1,0,1
1,1,93.932,humain,3,11,1,flux,1,0,1
1,1,94.364,humain,3,11,1,flux,1,0,1
1,1,95.084,humain,4,11,1,flux,1,1,1
1,1,95.500,humain,4,11,1,flux,2,0,1
1,1,96.556,humain,4,12,1,flux,2,1,1
1,1,97.324,humain,5,12,1,flux,2,1,1
1,1,98.156,humain,5,13,1,flux,3,1,1
1,1,99.180,humain,5,13,1,flux,2,0,1
1,1,99.884,humain,6,13,1,flux,2,1,1
1,1,100.396,humain,6,13,1,flux,1,0,1
1,1,100.828,humain,6,13,1,flux,2,0,1
1,1,101.484,humain,6,12,1,flux,2,1,0
1,1,102.172,humain,7,13,1,flux,1,2,1
1,1,102.827,humain,7,13,1,flux,1,0,1
1,1,103.387,humain,7,13,1,flux,1,0,1
1,1,104.187,humain,7,12,1,flux,2,1,1
1,1,104.923,humain,7,11,1,flux,1,1,1
1,1,105.387,humain,7,11,1,flux,1,0,1
1,1,106.123,humain,7,11,1,flux,2,0,1
1,1,106.683,humain,7,10,1,flux,2,1,1
1,1,107.547,humain,8,10,1,flux,2,1,1
1,1,108.043,humain,8,10,1,flux,2,0,1
1,1,108.715,humain,9,10,1,flux,2,1,1
1,1,109.179,humain,9,10,1,flux,3,0,1
1,1,109.835,humain,9,9,1,flux,2,1,1
1,1,110.347,humain,9,9,1,flux,3,0,1
1,1,110.971,humain,9,8,1,flux,3,1,1
1,1,111.755,humain,9,7,1,flux,3,1,1
1,1,112.203,humain,9,7,1,flux,3,0,1
1,1,112.587,humain,9,7,1,flux,3,0,1
1,1,113.547,humain,9,7,1,flux,3,0,1
1,1,114.331,humain,9,6,1,flux,2,1,1
1,1,114.827,humain,9,6,1,flux,2,0,1
1,1,115.243,humain,9,6,1,flux,1,0,1
1,1,115.643,humain,9,6,1,flux,1,0,1
1,1,116.043,humain,9,6,1,flux,1,0,1
1,1,116.426,humain,9,6,1,flux,2,0,1
1,1,117.098,humain,8,6,1,flux,1,1,1
1,1,117.690,humain,8,6,1,flux,1,0,1
1,1,118.106,humain,8,6,1,flux,1,0,1
1,1,118.490,humain,8,6,1,flux,1,0,1
1,1,119.274,humain,8,7,1,flux,3,1,1
1,1,120.346,humain,10,7,1,flux,2,2,0
1,1,120.906,humain,10,7,1,flux,3,0,0
1,1,121.530,humain,10,7,1,flux,2,0,0
1,1,122.282,humain,10,7,1,flux,2,0,0
1,1,122.698,humain,10,7,1,flux,2,0,0
1,1,123.322,humain,10,7,1,flux,1,0,0
1,1,123.802,humain,10,7,1,flux,0,0,0
2,1,124.330,humain,10,7,0,flux,0,0,0
2,2,128.282,humain,5,12,1,attente,1,10,1
2,2,129.018,humain,5,11,1,attente,2,1,1
2,2,130.042,humain,5,10,1,attente,3,1,1
2,2,130.699,humain,5,9,1,attente,3,1,1
2,2,131.243,humain,5,9,1,attente,4,0,1
2,2,131.979,humain,6,9,1,attente,4,1,1
2,2,132.491,humain,6,9,1,attente,4,0,1
2,2,133.052,humain,6,9,1,attente,4,0,1
2,2,133.516,humain,6,9,1,attente,4,0,1
2,2,133.980,humain,6,9,1,attente,4,0,1
2,2,134.460,humain,6,9,1,attente,5,0,1
2,2,135.693,humain,7,9,1,attente,5,1,1
2,2,136.221,humain,7,9,1,attente,6,0,1
2,2,137.341,humain,7,8,1,attente,7,1,1
2,2,138.830,humain,8,7,1,attente,7,2,1
2,2,140.063,humain,9,6,1,attente,7,2,1
2,2,141.343,humain,10,5,1,attente,7,2,0
2,2,142.528,humain,8,6,1,attente,7,3,1
2,2,143.984,humain,10,6,1,attente,7,2,1
2,2,144.993,humain,8,8,1,attente,12,4,1
2,2,146.785,humain,10,4,1,attente,12,6,0
2,2,147.858,humain,11,3,1,flux,12,2,0
2,2,149.074,humain,12,2,1,flux,12,2,0
2,2,151.587,humain,11,1,1,flux,10,2,0
2,2,153.380,humain,10,0,1,flux,9,2,0
2,2,157.638,humain,8,1,1,flux,6,3,0
2,2,158.614,humain,9,0,1,flux,5,2,0
2,2,160.359,humain,8,1,1,flux,4,2,0
2,2,161.543,humain,9,2,1,flux,3,2,0
2,2,163.032,humain,8,2,1,flux,2,1,0
2,2,164.120,humain,8,3,1,flux,1,1,0
2,2,165.449,humain,11,7,1,flux,0,7,0
2,2,166.025,humain,10,7,1,flux,0,1,0
2,2,166.313,humain,10,7,1,flux,0,0,0
1,1,1.904,humain,6,9,1,attente,1,0,1
1,1,2.608,humain,6,8,1,attente,2,1,1
1,1,3.728,humain,7,7,1,attente,2,2,1
1,1,5.008,humain,8,7,1,attente,2,1,1
1,1,5.824,humain,5,7,1,attente,2,3,0
1,1,7.952,humain,9,8,1,attente,2,5,1
1,1,9.888,humain,10,9,1,attente,2,2,0
1,1,11.424,humain,9,9,1,attente,2,1,1
1,1,12.816,humain,9,10,1,attente,2,1,1
1,1,14.208,humain,10,10,1,attente,2,1,1
1,1,15.568,humain,6,7,1,attente,5,7,1
1,1,18.816,humain,11,8,1,attente,5,6,0
1,1,19.696,humain,8,8,1,attente,10,3,1
1,1,20.912,humain,11,9,1,attente,10,4,0
1,1,22.192,humain,12,9,1,flux,10,1,0
1,1,23.008,humain,13,9,1,flux,10,1,0
1,1,25.152,humain,11,10,1,flux,8,3,0
1,1,29.184,humain,12,7,1,flux,6,4,0
1,1,30.929,humain,12,8,1,flux,5,1,0
1,1,32.161,humain,14,9,1,flux,4,3,0
1,1,33.073,humain,14,10,1,flux,3,1,0
1,1,34.192,humain,14,11,1,flux,2,1,0
1,1,35.552,humain,14,12,1,flux,1,1,0
1,1,36.480,humain,13,12,1,flux,1,1,0
1,1,37.440,humain,14,13,1,flux,0,2,0
2,1,38.672,humain,13,13,0,flux,0,0,0
2,2,42.960,humain,13,3,1,attente,0,10,1
2,2,44.992,humain,13,3,1,attente,0,0,1
2,2,45.648,humain,13,3,1,attente,0,0,1
2,2,46.304,humain,13,3,1,attente,0,0,1
2,2,46.800,humain,13,3,1,attente,1,0,1
2,2,48.671,humain,12,4,1,attente,1,2,1
2,2,49.967,humain,11,4,1,attente,1,1,1
2,2,50.767,humain,10,4,1,attente,1,1,1
2,2,51.535,humain,9,4,1,attente,1,1,1
2,2,52.447,humain,8,4,1,attente,1,1,1
2,2,53.471,humain,7,4,1,attente,1,1,1
2,2,54.511,humain,13,4,1,attente,8,6,1
2,2,55.631,humain,7,5,1,attente,9,7,1
2,2,57.359,humain,6,6,1,attente,9,2,0
2,2,58.239,humain,7,6,1,attente,10,1,1
2,2,59.311,humain,8,6,1,attente,11,1,1
2,2,61.070,humain,8,7,1,attente,12,1,1
2,2,62.670,humain,7,8,1,flux,12,2,0
2,2,66.414,humain,5,5,1,flux,9,5,0
2,2,67.838,humain,6,8,1,flux,8,4,0
2,2,69.406,humain,6,9,1,flux,7,1,0
2,2,72.158,humain,6,10,1,flux,5,1,0
2,2,73.134,humain,6,11,1,flux,5,1,0
2,2,74.414,humain,5,8,1,flux,4,4,0
2,2,75.853,humain,8,8,1,flux,4,3,1
2,2,77.053,humain,4,8,1,flux,3,4,0
2,2,77.853,humain,8,9,1,flux,4,5,1
2,2,78.605,humain,8,10,1,flux,4,1,1
2,2,79.389,humain,8,11,1,flux,4,1,1
2,2,82.765,humain,9,9,1,flux,2,3,0
2,2,83.581,humain,8,12,1,flux,3,4,1
2,2,84.397,humain,8,13,1,flux,3,1,1
2,2,85.405,humain,7,13,1,flux,2,1,0
2,2,86.157,humain,8,14,1,flux,3,2,1
2,2,87.469,humain,9,14,1,flux,3,1,1
2,2,88.173,humain,9,13,1,flux,3,1,1
2,2,89.244,humain,9,12,1,flux,4,1,1
2,2,90.204,humain,10,12,1,flux,4,1,1
2,2,91.292,humain,10,11,1,flux,4,1,1
2,2,92.172,humain,10,10,1,flux,5,1,1
2,2,93.340,humain,10,9,1,flux,5,1,1
2,2,94.444,humain,11,8,1,flux,4,2,0
2,2,95.612,humain,11,9,1,flux,4,1,1
2,2,96.540,humain,12,9,1,flux,5,1,1
2,2,97.468,humain,12,8,1,flux,5,1,1
2,2,98.876,humain,11,7,1,flux,4,2,0
2,2,100.588,humain,12,7,1,flux,3,1,1
2,2,102.140,humain,12,7,1,flux,2,0,1
2,2,102.731,humain,12,7,1,flux,1,0,1
2,2,103.547,humain,12,7,1,flux,2,0,1
2,2,104.939,humain,12,6,1,flux,1,1,1
2,2,105.419,humain,13,6,1,flux,0,1,0
2,2,105.931,humain,12,6,1,flux,1,1,1
2,2,106.827,humain,12,5,1,flux,1,1,0
2,2,107.323,humain,12,5,1,flux,1,0,0
2,2,107.723,humain,12,5,1,flux,0,0,0
3,2,108.331,humain,13,5,0,flux,0,0,0
3,3,113.611,humain,13,8,1,attente,0,3,1
3,3,114.539,humain,13,9,1,attente,1,1,1
3,3,115.883,humain,13,8,1,attente,2,1,1
3,3,118.762,humain,12,7,1,attente,2,2,1
3,3,120.282,humain,11,8,1,attente,2,2,1
3,3,121.546,humain,12,8,1,attente,3,1,1
3,3,122.570,humain,11,8,1,attente,4,1,1
3,3,123.642,humain,11,7,1,attente,5,1,1
3,3,125.098,humain,11,6,1,attente,6,1,1
3,3,126.906,humain,12,6,1,attente,9,1,1
3,3,128.074,humain,12,7,1,attente,8,1,1
3,3,129.562,humain,13,7,1,attente,9,1,1
3,3,130.459,humain,13,7,1,attente,9,0,1
3,3,132.011,humain,14,8,1,flux,8,2,1
3,3,132.620,humain,14,7,1,flux,10,1,1
3,3,134.940,humain,10,7,1,flux,8,4,0
3,3,135.981,humain,14,9,1,flux,9,6,1
3,3,137.261,humain,13,10,1,flux,8,2,0
3,3,138.366,humain,12,10,1,flux,7,1,0
3,3,140.191,humain,12,11,1,flux,5,1,0
3,3,141.871,humain,12,12,1,flux,4,1,0
3,3,142.992,humain,14,10,1,flux,4,4,1
3,3,144.432,humain,13,11,1,flux,3,2,0
3,3,146.161,humain,13,12,1,flux,2,1,0
3,3,147.458,humain,14,11,1,flux,1,2,1
3,3,148.546,humain,14,11,1,flux,0,0,1
3,3,149.266,humain,14,12,1,flux,0,1,1
3,3,149.618,humain,14,11,1,flux,1,1,1
3,3,150.419,humain,14,12,1,flux,1,1,1
3,3,151.411,humain,14,13,1,flux,0,1,1
3,3,151.843,humain,14,13,1,flux,1,0,1
3,3,152.772,humain,13,13,1,flux,1,1,1
3,3,153.508,humain,12,13,1,flux,2,1,0
3,3,153.908,humain,12,13,1,flux,0,0,0
3,3,154.596,humain,12,13,1,flux,0,0,0
4,3,155.157,humain,11,13,0,flux,0,0,0
4,1,160.263,humain,4,4,1,attente,0,16,1
4,1,160.919,humain,4,4,1,attente,1,0,1
4,1,161.607,humain,4,4,1,attente,0,0,1
4,1,162.183,humain,4,4,1,attente,1,0,1
4,1,163.272,humain,5,4,1,attente,2,1,1
4,1,164.072,humain,6,4,1,attente,3,1,1
4,1,165.113,humain,6,3,1,attente,4,1,1
4,1,165.977,humain,7,3,1,attente,5,1,1
4,1,166.825,humain,7,4,1,attente,6,1,1
4,1,167.818,humain,8,4,1,attente,7,1,1
4,1,168.714,humain,8,3,1,attente,8,1,1
4,1,170.427,humain,7,2,1,attente,8,2,0
4,1,171.627,humain,6,1,1,attente,8,2,0
4,1,172.572,humain,8,2,1,attente,9,3,1
4,1,173.964,humain,9,2,1,attente,9,1,0
4,1,174.861,humain,8,1,1,attente,10,2,1
4,1,176.029,humain,9,1,1,attente,10,1,0
4,1,177.326,humain,10,1,1,attente,10,1,1
4,1,178.974,humain,9,1,1,attente,10,1,0
4,1,182.384,humain,10,2,1,flux,9,2,1
4,1,184.913,humain,7,1,1,flux,8,4,0
4,1,185.889,humain,7,1,1,flux,7,0,0
4,1,187.346,humain,8,0,1,flux,7,2,1
4,1,188.066,humain,8,0,1,flux,7,0,1
4,1,188.706,humain,8,0,1,flux,5,0,1
4,1,189.170,humain,8,0,1,flux,6,0,1
4,1,190.323,humain,9,0,1,flux,6,1,1
4,1,191.459,humain,9,0,1,flux,4,0,1
4,1,192.100,humain,9,0,1,flux,5,0,1
4,1,193.396,humain,10,0,1,flux,4,1,1
4,1,193.940,humain,10,0,1,flux,4,0,1
4,1,194.372,humain,10,0,1,flux,3,0,1
4,1,194.805,humain,10,0,1,flux,3,0,1
4,1,195.237,humain,10,0,1,flux,3,0,1
4,1,195.957,humain,10,0,1,flux,2,0,1
4,1,196.437,humain,10,0,1,flux,2,0,1
4,1,196.885,humain,10,0,1,flux,2,0,1
4,1,197.318,humain,10,0,1,flux,3,0,1
4,1,198.278,humain,10,1,1,flux,2,1,1
4,1,198.902,humain,10,1,1,flux,1,0,1
4,1,199.350,humain,10,1,1,flux,2,0,1
4,1,200.231,humain,10,1,1,flux,2,0,1
4,1,200.807,humain,10,2,1,flux,1,1,1
4,1,201.319,humain,10,2,1,flux,2,0,1
4,1,202.088,humain,10,3,1,flux,1,1,1
4,1,202.568,humain,10,3,1,flux,2,0,1
4,1,203.704,humain,9,3,1,flux,2,1,1
4,1,204.248,humain,9,3,1,flux,1,0,1
4,1,205.161,humain,9,3,1,flux,1,0,1
4,1,205.865,humain,9,4,1,flux,1,1,0
4,1,206.585,humain,9,4,1,flux,0,0,0
4,1,207.082,humain,9,4,1,flux,0,0,0
4,1,207.530,humain,9,4,1,flux,0,0,0
5,1,207.930,humain,9,4,0,flux,0,0,0
5,2,211.531,humain,14,10,1,attente,0,11,1
5,2,211.980,humain,14,10,1,attente,0,0,1
5,2,212.412,humain,14,10,1,attente,1,0,1
5,2,212.908,humain,14,10,1,attente,1,0,1
5,2,213.340,humain,14,10,1,attente,1,0,1
5,2,213.772,humain,14,10,1,attente,0,0,1
5,2,214.365,humain,14,10,1,attente,1,0,1
5,2,215.853,humain,14,11,1,attente,2,1,1
5,2,217.918,humain,12,11,1,attente,2,2,1
5,2,218.542,humain,13,11,1,attente,4,1,1
5,2,220.447,humain,12,9,1,attente,4,3,1
5,2,220.991,humain,12,10,1,attente,6,1,1
5,2,222.464,humain,11,9,1,attente,7,2,1
5,2,224.737,humain,10,10,1,attente,7,2,0
5,2,226.209,humain,9,9,1,attente,7,2,0
5,2,227.874,humain,8,8,1,attente,7,2,1
5,2,229.971,humain,9,8,1,attente,7,1,1
5,2,231.684,humain,10,9,1,flux,7,2,0
5,2,233.012,humain,10,8,1,flux,6,1,1
5,2,234.949,humain,9,8,1,flux,5,1,1
5,2,236.998,humain,8,7,1,flux,4,2,1
5,2,238.406,humain,11,10,1,flux,4,6,1
5,2,239.799,humain,11,11,1,flux,4,1,1
5,2,240.759,humain,11,11,1,flux,3,0,1
5,2,241.656,humain,10,11,1,flux,3,1,1
5,2,242.872,humain,9,11,1,flux,3,1,1
5,2,243.784,humain,8,11,1,flux,4,1,1
5,2,245.097,humain,7,10,1,flux,3,2,1
5,2,245.673,humain,7,11,1,flux,4,1,1
5,2,246.570,humain,7,9,1,flux,5,2,1
5,2,248.746,humain,6,8,1,flux,3,2,1
5,2,250.667,humain,6,8,1,flux,2,0,1
5,2,251.964,humain,7,8,1,flux,3,1,1
5,2,253.853,humain,5,7,1,flux,2,3,0
5,2,255.229,humain,5,7,1,flux,1,0,0
5,2,255.773,humain,6,7,1,flux,1,1,1
5,2,256.845,humain,6,6,1,flux,1,1,1
5,2,257.293,humain,6,6,1,flux,0,0,1
5,2,257.772,humain,6,6,1,flux,1,0,1
5,2,258.588,humain,7,6,1,flux,2,1,1
5,2,259.356,humain,8,6,1,flux,2,1,1
5,2,260.219,humain,8,7,1,flux,3,1,1
5,2,261.306,humain,8,8,1,flux,3,1,1
5,2,262.298,humain,8,8,1,flux,1,0,1
5,2,262.810,humain,8,8,1,flux,1,0,1
5,2,263.257,humain,8,8,1,flux,0,0,1
5,2,263.641,humain,8,8,1,flux,1,0,1
5,2,264.377,humain,9,8,1,flux,6,1,1
5,2,268.534,humain,10,9,1,flux,0,2,0
6,3,273.204,humain,9,10,1,attente,1,0,1
6,3,274.339,humain,9,11,1,attente,2,1,1
6,3,275.507,humain,10,12,1,attente,2,2,1
6,3,276.370,humain,10,11,1,attente,4,1,1
6,3,277.234,humain,11,12,1,attente,5,2,1
6,3,277.873,humain,11,13,1,attente,6,1,1
6,3,280.432,humain,10,14,1,attente,6,2,0
6,3,281.263,humain,10,13,1,attente,7,1,1
6,3,282.015,humain,9,13,1,attente,8,1,1
6,3,283.214,humain,9,14,1,attente,9,1,1
6,3,284.238,humain,8,14,1,attente,10,1,1
6,3,286.013,humain,6,13,1,attente,10,3,1
6,3,287.548,humain,7,13,1,attente,10,1,0
6,3,288.747,humain,7,14,1,attente,11,1,1
6,3,289.691,humain,6,14,1,attente,12,1,1
6,3,290.522,humain,5,14,1,attente,13,1,1
6,3,291.354,humain,4,14,1,flux,14,1,1
6,3,292.969,humain,4,13,1,flux,14,1,1
6,3,293.801,humain,5,13,1,flux,16,1,1
6,3,296.695,humain,7,12,1,flux,13,3,0
6,3,297.878,humain,6,12,1,flux,13,1,1
6,3,298.534,humain,6,12,1,flux,12,0,1
6,3,298.982,humain,6,12,1,flux,12,0,1
6,3,299.685,humain,6,12,1,flux,12,0,1
6,3,302.932,humain,5,11,1,flux,10,2,0
6,3,305.314,humain,4,10,1,flux,8,2,1
6,3,307.665,humain,5,9,1,flux,6,2,1
6,3,308.465,humain,6,11,1,flux,7,3,1
6,3,309.472,humain,6,10,1,flux,7,1,1
6,3,312.047,humain,4,9,1,flux,5,3,1
6,3,312.718,humain,6,9,1,flux,8,2,1
6,3,313.838,humain,4,8,1,flux,8,3,1
6,3,314.701,humain,3,8,1,flux,8,1,1
6,3,316.348,humain,2,7,1,flux,7,2,0
6,3,316.876,humain,2,8,1,flux,8,1,1
6,3,319.067,humain,3,6,1,flux,6,3,0
6,3,320.298,humain,2,6,1,flux,5,1,0
6,3,321.242,humain,1,8,1,flux,4,3,1
6,3,321.865,humain,1,8,1,flux,5,0,1
6,3,323.001,humain,1,9,1,flux,5,1,1
6,3,323.960,humain,1,9,1,flux,4,0,1
6,3,325.079,humain,1,10,1,flux,4,1,1
6,3,325.991,humain,1,10,1,flux,3,0,1
6,3,326.471,humain,1,10,1,flux,3,0,1
6,3,326.950,humain,1,10,1,flux,2,0,1
6,3,327.494,humain,1,10,1,flux,3,0,1
6,3,328.709,humain,2,10,1,flux,3,1,1
6,3,329.925,humain,3,10,1,flux,3,1,1
6,3,330.852,humain,3,10,1,flux,1,0,1
6,3,331.508,humain,3,10,1,flux,3,0,1
6,3,331.972,humain,3,10,1,flux,3,0,1
6,3,333.427,humain,4,10,1,flux,1,1,1
6,3,333.971,humain,4,10,1,flux,1,0,1
6,3,334.722,humain,4,11,1,flux,1,1,1
6,3,335.426,humain,3,11,1,flux,3,1,1
6,3,336.593,humain,3,9,1,flux,3,2,1
7,4,345.724,humain,4,5,1,attente,0,0,1
7,4,346.252,humain,4,5,1,attente,0,0,1
7,4,346.716,humain,4,5,1,attente,0,0,1
7,4,347.307,humain,4,5,1,attente,1,0,1
7,4,348.379,humain,5,5,1,attente,2,1,1
7,4,349.002,humain,6,5,1,attente,3,1,1
7,4,349.978,humain,7,5,1,attente,4,1,1
7,4,351.353,humain,7,4,1,attente,5,1,1
7,4,351.945,humain,7,4,1,attente,4,0,1
7,4,352.488,humain,7,4,1,attente,5,0,1
7,4,353.592,humain,7,3,1,attente,6,1,1
7,4,354.519,humain,7,2,1,attente,7,1,1
7,4,357.382,humain,9,2,1,attente,7,2,1
7,4,358.757,humain,9,3,1,attente,7,1,1
7,4,359.748,humain,9,4,1,attente,7,1,1
7,4,361.044,humain,10,4,1,attente,7,1,1
7,4,362.051,humain,10,3,1,attente,7,1,1
7,4,362.883,humain,10,2,1,attente,7,1,1
7,4,364.626,humain,11,2,1,flux,6,1,0
7,4,365.617,humain,12,2,1,flux,5,1,0
7,4,367.936,humain,12,3,1,flux,4,1,1
7,4,369.039,humain,12,1,1,flux,3,2,0
7,4,371.982,humain,13,3,1,flux,1,3,1
7,4,372.989,humain,8,2,1,flux,7,6,1
7,4,375.260,humain,10,1,1,flux,6,3,1
7,4,377.643,humain,11,1,1,flux,4,1,0
7,4,379.545,humain,11,0,1,flux,3,1,1
7,4,380.345,humain,10,0,1,flux,3,1,1
7,4,380.777,humain,10,0,1,flux,3,0,1
7,4,380.985,humain,10,0,1,flux,2,0,1
7,4,381.193,humain,10,0,1,flux,2,0,1
7,4,381.416,humain,10,0,1,flux,1,0,1
7,4,382.008,humain,10,0,1,flux,1,0,1
7,4,382.440,humain,10,0,1,flux,2,0,1
7,4,383.927,humain,12,0,1,flux,2,2,1
7,4,385.238,humain,13,0,1,flux,1,1,1
7,4,385.686,humain,13,0,1,flux,1,0,1
7,4,386.134,humain,13,0,1,flux,1,0,1
7,4,386.534,humain,13,0,1,flux,1,0,1
7,4,387.109,humain,13,0,1,flux,0,0,1
7,4,387.525,humain,13,0,1,flux,1,0,1
7,4,388.325,humain,13,1,1,flux,1,1,1
7,4,389.060,humain,13,2,1,flux,2,1,1
7,4,390.036,humain,12,3,1,flux,3,2,1
7,4,390.787,humain,12,4,1,flux,2,1,1
7,4,391.603,humain,12,4,1,flux,2,0,1
7,4,392.610,humain,11,4,1,flux,2,1,1
7,4,393.026,humain,11,4,1,flux,1,0,1
7,4,393.442,humain,11,4,1,flux,2,0,1
7,4,394.129,humain,11,5,1,flux,2,1,1
7,4,394.817,humain,11,6,1,flux,3,1,1
7,4,395.697,humain,10,6,1,flux,3,1,1
7,4,396.368,humain,9,6,1,flux,3,1,1
7,4,397.168,humain,9,6,1,flux,3,0,1
7,4,398.255,humain,9,6,1,flux,1,0,1
7,4,398.799,humain,9,6,1,flux,2,0,1
7,4,399.471,humain,8,6,1,flux,1,1,1
7,4,399.902,humain,8,6,1,flux,1,0,1
7,4,400.414,humain,8,6,1,flux,2,0,1
7,4,401.070,humain,7,6,1,flux,1,1,1
7,4,401.565,humain,7,6,1,flux,2,0,1
7,4,402.093,humain,7,6,1,flux,1,0,1
7,4,402.765,humain,6,6,1,flux,2,1,1
7,4,403.372,humain,6,6,1,flux,0,0,1
7,4,403.756,humain,6,6,1,flux,2,0,1
7,4,404.796,humain,6,4,1,flux,1,2,1
7,4,405.371,humain,6,4,1,flux,2,0,1
7,4,406.043,humain,6,3,1,flux,2,1,1
7,4,406.938,humain,5,3,1,flux,2,1,1
7,4,407.546,humain,5,3,1,flux,1,0,1
7,4,408.010,humain,5,3,1,flux,2,0,1
7,4,408.921,humain,5,2,1,flux,2,1,1
7,4,409.689,humain,5,1,1,flux,2,1,1
7,4,410.504,humain,5,0,1,flux,2,1,0
7,4,410.952,humain,5,0,1,flux,1,0,0
7,4,411.464,humain,5,0,1,flux,2,0,0
7,4,411.864,humain,5,0,1,flux,1,0,0
7,4,412.327,humain,5,0,1,flux,1,0,0
7,4,412.743,humain,5,0,1,flux,0,0,0
7,4,413.303,humain,5,0,1,flux,0,0,0
8,4,413.847,humain,4,0,0,flux,0,0,0
8,5,417.317,humain,11,8,1,attente,0,15,1
8,5,418.180,humain,11,8,1,attente,1,0,1
8,5,420.851,humain,10,7,1,attente,1,2,0
8,5,421.362,humain,10,8,1,attente,2,1,1
8,5,422.434,humain,10,7,1,attente,2,1,0
8,5,424.241,humain,11,6,1,attente,2,2,0
8,5,425.600,humain,11,6,1,attente,2,0,0
8,5,426.272,humain,11,7,1,attente,2,1,0
8,5,427.119,humain,11,7,1,attente,2,0,0
8,5,427.935,humain,11,7,1,attente,2,0,0
8,5,428.527,humain,11,7,1,attente,2,0,0
8,5,428.734,humain,11,7,1,attente,2,0,0
8,5,429.246,humain,11,7,1,attente,2,0,0
8,5,430.190,humain,12,7,1,attente,2,1,0
8,5,431.165,humain,12,8,1,attente,2,1,0
8,5,431.933,humain,12,8,1,attente,2,0,0
8,5,432.828,humain,12,8,1,attente,2,0,0
8,5,433.772,humain,12,9,1,attente,2,1,0
8,5,434.571,humain,12,9,1,flux,2,0,0
8,5,435.451,humain,12,10,1,flux,1,1,0
8,5,436.090,humain,12,11,1,flux,1,1,0
8,5,437.210,humain,11,11,1,flux,0,1,0
8,5,437.498,humain,11,11,1,flux,0,0,0
9,1,442.487,humain,10,10,1,attente,1,0,1
9,1,443.926,humain,9,10,1,attente,2,1,1
9,1,445.845,humain,10,9,1,attente,2,2,1
9,1,447.172,humain,9,9,1,attente,3,1,1
9,1,449.267,humain,9,8,1,attente,3,1,1
9,1,449.699,humain,9,8,1,attente,3,0,1
9,1,450.195,humain,9,8,1,attente,4,0,1
9,1,452.769,humain,10,7,1,attente,4,2,1
9,1,454.400,humain,10,6,1,attente,4,1,1
9,1,455.760,humain,10,8,1,attente,7,2,1
9,1,457.103,humain,8,9,1,attente,8,3,1
9,1,458.718,humain,7,10,1,attente,8,2,1
9,1,461.133,humain,9,7,1,attente,8,5,1
9,1,463.004,humain,10,5,1,attente,8,3,1
9,1,464.075,humain,8,10,1,flux,10,7,1
9,1,465.466,humain,6,10,1,flux,9,2,1
9,1,465.898,humain,6,10,1,flux,10,0,1
9,1,466.762,humain,6,11,1,flux,10,1,1
9,1,468.025,humain,5,11,1,flux,9,1,1
9,1,469.144,humain,6,12,1,flux,10,2,1
9,1,470.711,humain,7,11,1,flux,9,2,1
9,1,471.575,humain,7,12,1,flux,8,1,1
9,1,472.950,humain,7,13,1,flux,7,1,1
9,1,474.038,humain,4,11,1,flux,6,5,1
9,1,476.292,humain,11,5,1,flux,5,13,1
9,1,479.155,humain,8,12,1,flux,3,10,0
9,1,480.482,humain,6,13,1,flux,3,3,1
9,1,481.569,humain,5,13,1,flux,2,1,1
9,1,482.193,humain,5,13,1,flux,3,0,1
9,1,483.248,humain,5,12,1,flux,3,1,1
9,1,483.824,humain,5,12,1,flux,2,0,1
9,1,484.640,humain,5,12,1,flux,2,0,1
9,1,485.615,humain,5,11,1,flux,2,1,1
9,1,486.127,humain,5,11,1,flux,2,0,1
9,1,487.246,humain,5,10,1,flux,3,1,1
9,1,488.446,humain,5,9,1,flux,2,1,1
9,1,489.197,humain,5,9,1,flux,2,0,1
9,1,490.077,humain,6,9,1,flux,3,1,1
9,1,490.876,humain,7,9,1,flux,2,1,1
9,1,491.404,humain,7,9,1,flux,3,0,1
9,1,491.852,humain,7,9,1,flux,2,0,1
9,1,492.299,humain,7,9,1,flux,1,0,1
9,1,493.083,humain,7,9,1,flux,1,0,1
9,1,493.563,humain,7,9,1,flux,0,0,1
9,1,493.995,humain,7,9,1,flux,1,0,1
9,1,494.346,humain,7,9,1,flux,1,0,1
9,1,494.922,humain,7,8,1,flux,0,1,1
9,1,495.514,humain,7,8,1,flux,0,0,1
9,1,495.898,humain,7,8,1,flux,1,0,1
9,1,496.777,humain,8,8,1,flux,1,1,1
9,1,497.257,humain,8,8,1,flux,1,0,1
9,1,497.960,humain,8,7,1,flux,1,1,1
9,1,498.728,humain,9,7,1,flux,1,1,1
9,1,499.240,humain,9,7,1,flux,4,0,1
9,1,500.615,humain,10,5,1,flux,3,3,1
9,1,501.175,humain,10,5,1,flux,2,0,1
9,1,501.766,humain,10,5,1,flux,4,0,1
9,1,502.758,humain,11,6,1,flux,4,2,1
9,1,503.605,humain,11,7,1,flux,5,1,1
9,1,504.277,humain,11,8,1,flux,5,1,1
9,1,504.885,humain,11,8,1,flux,4,0,1
9,1,505.460,humain,11,8,1,flux,4,0,1
9,1,506.260,humain,12,8,1,flux,4,1,1
9,1,506.804,humain,12,8,1,flux,4,0,1
9,1,507.267,humain,12,8,1,flux,3,0,1
9,1,507.763,humain,12,8,1,flux,4,0,1
9,1,508.818,humain,13,8,1,flux,4,1,1
9,1,509.618,humain,13,7,1,flux,5,1,1
9,1,510.258,humain,13,6,1,flux,5,1,1
9,1,511.601,humain,13,5,1,flux,5,1,1
9,1,512.864,humain,14,5,1,flux,4,1,1
9,1,513.264,humain,14,5,1,flux,5,0,1
9,1,513.664,humain,14,5,1,flux,5,0,1
9,1,514.591,humain,14,4,1,flux,5,1,1
9,1,515.807,humain,14,3,1,flux,5,1,1
9,1,516.382,humain,14,3,1,flux,4,0,1
9,1,516.910,humain,14,3,1,flux,5,0,1
9,1,517.726,humain,14,2,1,flux,5,1,1
9,1,518.573,humain,14,1,1,flux,5,1,1
9,1,519.037,humain,14,1,1,flux,4,0,1
9,1,519.485,humain,14,1,1,flux,4,0,1
9,1,520.332,humain,14,1,1,flux,5,0,1
9,1,520.924,humain,14,1,1,flux,4,0,1
9,1,521.340,humain,14,1,1,flux,3,0,1
9,1,521.851,humain,14,1,1,flux,2,0,1
9,1,522.251,humain,14,1,1,flux,3,0,1
9,1,523.195,humain,13,1,1,flux,4,1,1
9,1,524.106,humain,13,0,1,flux,3,1,1
9,1,524.618,humain,13,0,1,flux,4,0,1
9,1,525.049,humain,13,0,1,flux,3,0,1
9,1,525.465,humain,13,0,1,flux,3,0,1
9,1,525.929,humain,13,0,1,flux,3,0,1
9,1,526.361,humain,13,0,1,flux,1,0,1
9,1,526.857,humain,13,0,1,flux,2,0,1
9,1,527.784,humain,12,0,1,flux,3,1,1
9,1,528.504,humain,12,0,1,flux,1,0,1
9,1,528.967,humain,12,0,1,flux,1,0,1
9,1,529.447,humain,12,0,1,flux,1,0,1
9,1,530.231,humain,12,1,1,flux,2,1,1
9,1,530.886,humain,12,2,1,flux,2,1,1
9,1,531.974,humain,12,3,1,flux,3,1,1
9,1,532.981,humain,12,4,1,flux,3,1,1
9,1,533.685,humain,11,4,1,flux,4,1,1
9,1,534.388,humain,10,4,1,flux,4,1,1
9,1,535.396,humain,10,3,1,flux,3,1,1
9,1,536.019,humain,10,3,1,flux,4,0,1
9,1,536.915,humain,9,3,1,flux,3,1,1
9,1,537.331,humain,9,3,1,flux,3,0,1
9,1,537.858,humain,9,3,1,flux,4,0,1
9,1,538.738,humain,8,3,1,flux,3,1,1
9,1,539.298,humain,8,3,1,flux,4,0,1
9,1,540.209,humain,7,3,1,flux,4,1,1
9,1,541.009,humain,7,4,1,flux,5,1,1
9,1,542.608,humain,7,5,1,flux,4,1,1
9,1,542.896,humain,7,5,1,flux,4,0,1
9,1,543.871,humain,6,5,1,flux,5,1,1
9,1,544.767,humain,5,5,1,flux,5,1,1
9,1,546.462,humain,5,6,1,flux,4,1,1
9,1,547.165,humain,5,6,1,flux,5,0,1
9,1,549.004,humain,4,6,1,flux,3,1,1
9,1,549.964,humain,6,6,1,flux,3,2,1
9,1,550.859,humain,5,7,1,flux,3,2,1
9,1,552.778,humain,4,7,1,flux,2,1,1
9,1,554.617,humain,6,7,1,flux,1,2,1
9,1,555.001,humain,6,7,1,flux,5,0,1
9,1,556.088,humain,5,7,0,flux,5,1,0
9,1,556.648,humain,4,7,1,flux,3,1,1
9,1,557.176,humain,4,7,1,flux,4,0,1
9,1,557.863,humain,4,7,1,flux,4,0,1
9,1,559.127,humain,4,8,1,flux,4,1,1
9,1,559.910,humain,3,8,1,flux,4,1,1
9,1,560.950,humain,2,7,1,flux,3,2,0
9,1,561.781,humain,2,8,1,flux,4,1,1
9,1,562.853,humain,2,9,1,flux,4,1,1
9,1,564.148,humain,1,9,1,flux,3,1,0
9,1,565.907,humain,0,10,1,flux,2,2,0
9,1,566.819,humain,2,10,1,flux,2,2,1
9,1,567.346,humain,2,10,1,flux,1,0,1
9,1,567.810,humain,2,10,1,flux,1,0,1
9,1,568.290,humain,2,10,1,flux,1,0,1
9,1,568.737,humain,2,10,1,flux,0,0,1
9,1,569.249,humain,2,10,1,flux,1,0,1
9,1,570.289,humain,2,11,1,flux,1,1,1
9,1,571.296,humain,3,11,1,flux,2,1,1
9,1,572.272,humain,4,11,1,flux,1,1,1
9,1,572.895,humain,4,11,1,flux,2,0,1
9,1,573.471,humain,4,11,1,flux,6,0,1
9,1,575.614,humain,7,14,1,flux,5,6,1
9,1,576.269,humain,7,14,1,flux,5,0,1
9,1,577.405,humain,6,14,1,flux,5,1,1
9,1,577.932,humain,6,14,1,flux,5,0,1
9,1,579.212,humain,6,14,1,flux,4,0,1
9,1,580.059,humain,5,14,1,flux,5,1,1
9,1,580.731,humain,5,14,1,flux,4,0,1
9,1,581.498,humain,4,14,1,flux,5,1,1
9,1,583.098,humain,3,14,1,flux,5,1,1
9,1,584.185,humain,3,13,1,flux,4,1,1
9,1,584.745,humain,3,13,1,flux,5,0,1
9,1,586.040,humain,4,13,1,flux,5,1,1
9,1,586.728,humain,4,13,1,flux,3,0,1
9,1,587.191,humain,4,13,1,flux,5,0,1
9,1,588.167,humain,4,13,1,flux,3,0,1
9,1,588.918,humain,4,13,1,flux,4,0,1
9,1,589.350,humain,4,13,1,flux,4,0,1
9,1,589.782,humain,4,13,1,flux,3,0,1
9,1,590.150,humain,4,13,1,flux,2,0,1
9,1,590.613,humain,4,13,1,flux,1,0,1
9,1,591.109,humain,4,13,1,flux,0,0,1
9,1,591.525,humain,4,13,1,flux,0,0,1
9,1,591.925,humain,4,13,1,flux,1,0,1
9,1,593.172,humain,5,13,0,flux,0,1,0
10,2,599.009,humain,8,2,1,attente,0,0,1
10,2,600.064,humain,9,2,1,attente,2,1,1
10,2,600.896,humain,8,1,1,attente,3,2,1
10,2,605.038,humain,7,2,1,attente,3,2,1
10,2,606.589,humain,6,2,1,attente,3,1,1
10,2,607.276,humain,7,1,1,attente,6,2,1
10,2,608.348,humain,5,2,1,attente,7,3,1
10,2,609.003,humain,5,3,1,attente,8,1,1
10,2,609.707,humain,5,4,1,attente,9,1,1
10,2,610.858,humain,6,4,1,attente,9,1,1
10,2,611.914,humain,7,5,1,attente,9,2,1
10,2,613.113,humain,8,6,1,attente,9,2,0
10,2,614.360,humain,4,4,1,attente,9,6,1
10,2,615.464,humain,3,5,1,attente,9,2,0
10,2,618.870,humain,2,5,1,flux,9,1,0
10,2,619.861,humain,5,5,1,flux,9,3,1
10,2,622.596,humain,7,4,1,flux,7,3,0
10,2,623.252,humain,4,5,1,flux,11,4,1
10,2,624.595,humain,6,5,1,flux,10,2,1
10,2,625.490,humain,6,5,1,flux,9,0,1
10,2,626.034,humain,6,5,1,flux,9,0,1
10,2,626.530,humain,6,5,1,flux,8,0,1
10,2,626.993,humain,6,5,1,flux,9,0,1
10,2,627.761,humain,6,5,1,flux,7,0,1
10,2,628.225,humain,6,5,1,flux,7,0,1
10,2,628.673,humain,6,5,1,flux,9,0,1
10,2,631.023,humain,7,6,1,flux,7,2,1
10,2,631.487,humain,7,6,1,flux,8,0,1
10,2,632.958,humain,8,7,1,flux,7,2,1
10,2,634.685,humain,7,7,1,flux,8,1,1
10,2,635.997,humain,9,7,1,flux,8,2,1
10,2,638.027,humain,10,6,1,flux,6,2,0
10,2,638.523,humain,10,7,1,flux,7,1,1
10,2,639.738,humain,11,7,1,flux,7,1,1
10,2,640.682,humain,12,7,1,flux,7,1,1
10,2,641.737,humain,13,7,1,flux,8,1,1
10,2,643.033,humain,13,8,1,flux,7,1,1
10,2,644.248,humain,14,7,1,flux,7,2,1
10,2,646.982,humain,14,8,1,flux,5,1,1
10,2,647.622,humain,14,8,1,flux,6,0,1
10,2,648.230,humain,14,8,1,flux,5,0,1
10,2,648.678,humain,14,8,1,flux,5,0,1
10,2,649.589,humain,14,9,1,flux,4,1,1
10,2,650.165,humain,14,9,1,flux,5,0,1
10,2,651.300,humain,13,9,1,flux,5,1,1
10,2,652.563,humain,13,8,1,flux,6,1,1
10,2,653.843,humain,13,6,1,flux,5,2,1
10,2,654.402,humain,13,6,1,flux,6,0,1
10,2,655.986,humain,13,5,1,flux,5,1,1
10,2,656.433,humain,13,5,1,flux,5,0,1
10,2,657.569,humain,14,5,1,flux,6,1,1
10,2,658.848,humain,14,4,1,flux,5,1,1
10,2,659.584,humain,14,5,1,flux,5,1,1
10,2,661.071,humain,14,3,1,flux,5,2,1
10,2,662.014,humain,13,2,1,flux,5,2,1
10,2,663.230,humain,14,2,1,flux,6,1,1
10,2,664.397,humain,13,1,1,flux,6,2,1
10,2,666.364,humain,13,0,1,flux,5,1,1
10,2,667.963,humain,11,0,1,flux,3,2,1
10,2,669.226,humain,14,0,1,flux,3,3,1
10,2,670.602,humain,11,1,1,flux,2,4,0
10,2,671.865,humain,11,2,1,flux,1,1,0
10,2,672.808,humain,12,1,1,flux,0,2,0
10,2,673.528,humain,14,1,1,flux,3,2,1
10,2,674.743,humain,12,0,1,flux,2,3,1
10,2,675.351,humain,12,0,1,flux,2,0,1
10,2,676.262,humain,11,0,1,flux,2,1,1
10,2,676.822,humain,11,0,1,flux,2,0,1
10,2,677.494,humain,11,0,1,flux,2,0,1
10,2,678.485,humain,10,0,1,flux,1,1,1
10,2,678.949,humain,10,0,1,flux,2,0,1
10,2,679.381,humain,10,0,1,flux,1,0,1
10,2,679.876,humain,10,0,1,flux,1,0,1
10,2,680.308,humain,10,0,1,flux,0,0,1
10,2,680.756,humain,10,0,1,flux,1,0,1
10,2,681.843,humain,10,1,1,flux,0,1,0
11,2,682.355,humain,10,1,0,flux,0,0,0
11,3,687.088,humain,8,7,1,attente,1,8,1
11,3,688.592,humain,9,6,1,attente,1,2,0
11,3,689.823,humain,10,5,1,attente,1,2,0
11,3,691.262,humain,8,6,1,attente,2,3,1
11,3,693.245,humain,7,6,1,attente,2,1,0
11,3,694.684,humain,10,6,1,attente,2,3,0
11,3,696.203,humain,11,4,1,attente,2,3,0
11,3,697.643,humain,10,4,1,attente,2,1,0
11,3,700.201,humain,7,5,1,attente,2,4,0
11,3,701.768,humain,12,3,1,attente,2,7,0
11,3,702.520,humain,8,5,1,attente,3,6,1
11,3,704.695,humain,8,4,1,attente,4,1,1
11,3,705.670,humain,8,3,1,flux,5,1,1
11,3,707.557,humain,7,2,1,flux,3,2,0
11,3,710.212,humain,8,1,1,flux,1,2,0
11,3,711.187,humain,8,2,1,flux,1,1,0
11,3,712.051,humain,7,3,1,flux,1,2,0
11,3,712.451,humain,7,3,1,flux,0,0,0
